{"batch loss":1.0647616386413574,"_timestamp":1.76760272907835e+09,"_wandb":{"runtime":17},"_runtime":17.843695125,"_step":1}